Model,Accuracy,Precision,Recall,F1-Score,ROC-AUC
gb,0.8435374149659864,0.5263157894736842,0.2127659574468085,0.30303030303030304,0.8142820225686969
Stacking_Ensemble,0.8061224489795918,0.4264705882352941,0.6170212765957447,0.5043478260869566,0.8094581789990525
Voting_Ensemble,0.8401360544217688,0.5,0.2765957446808511,0.3561643835616438,0.8059264363855629
xgb2,0.8333333333333334,0.4666666666666667,0.2978723404255319,0.36363636363636365,0.7930054268240158
rf,0.8231292517006803,0.38095238095238093,0.1702127659574468,0.2352941176470588,0.7876647428719097
xgb1,0.8367346938775511,0.4857142857142857,0.3617021276595745,0.41463414634146345,0.7816349384098544
